169112569|Бандажи косметические|
169153168|Бандажи косметические|
169395410|Бандажи косметические|
172832355|Мешки для стирки|6307909800
173605843|Массажеры механические|9019109009
176500218|Мешки для стирки|6307909800
176721350|Мешки для стирки|6307909800
176723275|Мешки для стирки|
177404837|Мешки для стирки|6307909800
177405495|Мешки для стирки|6307909800
186800214|Таблетницы|3926909709
186826338|Таблетницы|3926909709
204615141|Мешки для стирки|6307909800
223420736|Массажеры механические|9506919000
223671295|Массажеры механические|9506919000
236072834|Массажеры механические|9506919000
236072835|Массажеры механические|9506919000
236072836|Массажеры механические|9506919000
236074677|Мешки для стирки|
236929187|Мешки для стирки|6307909800
236929188|Мешки для стирки|6307909800
239233529|Мешки для стирки|6307909800
239235150|Мешки для стирки|6307909800
251407392|Игрушки для животных|4016999708
251516159|Игрушки для животных|4016999708
251537223|Игрушки для животных|4016999708
251537413|Игрушки для животных|4016999708
271440668|Скакалки|
271440669|Скакалки|
271440670|Скакалки|
271441230|Скакалки|
273516556|Таблетницы|3926909709
273527791|Ножи для пиццы|8211930000
273546535|Шпатели кондитерские|
273551028|Шпатели кондитерские|
273556717|Пробки для бутылок|3923509000
273588520|Игрушки для животных|5609000000
273589771|Игрушки для животных|5609000000
275208801|Массажеры механические|9506919000
275208802|Массажеры механические|9506919000
278515093|Таблетницы|3926909709
298193176|Таблетницы|3926909709
302564795|Игрушки для животных|
321907864|Таблетницы|
321959186|Пробки для бутылок|
327442631|Ножи для пиццы|8211930000
340734340|Массажеры механические|
340741532|Массажеры механические|
340743352|Массажеры механические|
340743911|Массажеры механические|
340802685|Прессы для чеснока|
340948906|Консервные ножи|
345168494|Таблетницы|3926909709
370591238|Массажеры механические|9506919000
370594147|Пробки для бутылок|3923509000
419130077|Таблетницы|3926909709
419141548|Массажеры механические|9506919000
419141549|Массажеры механические|9506919000
419145389|Массажеры механические|9506919000
419145390|Массажеры механические|9506919000
419145391|Массажеры механические|9506919000
419145748|Массажеры механические|9506919000
419145749|Массажеры механические|9506919000
419145985|Массажеры механические|9506919000
419145986|Массажеры механические|9506919000
419146579|Массажеры механические|9506919000
448248943|Таблетницы|3926909709
448254852|Таблетницы|3926909709
550445272|Капы|
550445274|Капы|
550445275|Капы|
550445277|Капы|
550445279|Капы|
550445280|Капы|
550445281|Капы|
550445283|Капы|
550539998|Эспандеры|9506919000
550539999|Эспандеры|9506919000
550540000|Эспандеры|
820643010|Эспандеры|9506919000
---
169112569|14.00|12.00|2.00||АРОЛС
169153168|14.00|12.00|2.00|0.040|АРОЛС
169395410|19.00|14.00|3.00|0.090|АРОЛС
172832355|30.00|21.00|6.00|0.315|АРОЛС
173605843|15.00|4.00|4.00|0.040|АРОЛС
176500218|18.00|17.00|3.00|0.060|АРОЛС
176721350|21.00|15.00|3.00|0.030|АРОЛС
176723275|21.00|15.00|3.00|0.030|АРОЛС
177404837|25.00|20.00|5.00||АРОЛС
177405495|25.00|17.00|4.00|0.060|АРОЛС
186800214|17.00|12.00|7.00||АРОЛС
186826338|16.00|12.00|5.00|0.160|АРОЛС
204615141|20.00|16.00|3.00|0.030|АРОЛС
223420736|55.00|6.00|3.00|0.160|АРОЛС
223671295|7.00|7.00|7.00|0.040|АРОЛС
236072834|7.00|7.00|7.00|0.040|АРОЛС
236072835|7.00|7.00|7.00|0.040|АРОЛС
236072836|7.00|7.00|7.00|0.040|АРОЛС
236074677|20.00|16.00|3.00||АРОЛС
236929187|28.00|22.00|1.00|0.100|АРОЛС
236929188|28.00|22.00|1.00|0.100|АРОЛС
239233529|22.00|22.00|4.00||АРОЛС
239235150|19.00|17.00|3.00||АРОЛС
251407392|12.00|9.00|7.00||АРОЛС
251516159|12.00|9.00|7.00||АРОЛС
251537223|11.00|8.00|6.00||АРОЛС
251537413|11.00|8.00|6.00||АРОЛС
271440668|20.00|10.00|2.00||АРОЛС
271440669|20.00|10.00|2.00||АРОЛС
271440670|20.00|10.00|2.00||АРОЛС
271441230|19.00|12.00|8.00||АРОЛС
273516556|17.00|12.00|7.00|0.150|АРОЛС
273527791|16.00|13.00|3.00||АРОЛС
273546535|16.00|12.00|3.00|0.200|АРОЛС
273551028|16.00|12.00|3.00||АРОЛС
273556717|7.00|7.00|6.00|0.050|АРОЛС
273588520|19.00|19.00|8.00||АРОЛС
273589771|21.00|15.00|6.00||АРОЛС
275208801|55.00|6.00|3.00|0.160|АРОЛС
275208802|55.00|6.00|3.00|0.160|АРОЛС
278515093|17.00|12.00|7.00|0.150|АРОЛС
298193176|17.00|12.00|7.00||АРОЛС
302564795|26.00|7.00|4.00||АРОЛС
321907864|15.00|25.00|6.00||АРОЛС
321959186|16.00|12.00|3.00||АРОЛС
327442631|16.00|13.00|3.00||АРОЛС
340734340|8.00|8.00|6.00||АРОЛС
340741532|8.00|8.00|6.00||АРОЛС
340743352|8.00|8.00|6.00||АРОЛС
340743911|8.00|8.00|6.00||АРОЛС
340802685|21.00|6.00|3.00||АРОЛС
340948906|21.00|6.00|5.00||АРОЛС
345168494|17.00|12.00|7.00|0.150|АРОЛС
370591238|7.00|7.00|7.00|0.040|АРОЛС
370594147|7.00|7.00|6.00|0.050|АРОЛС
419130077|16.00|12.00|5.00|0.160|АРОЛС
419141548|8.00|8.00|8.00|0.060|АРОЛС
419141549|9.00|9.00|9.00|0.100|АРОЛС
419145389|8.00|8.00|8.00|0.060|АРОЛС
419145390|9.00|9.00|9.00|0.100|АРОЛС
419145391|8.00|8.00|8.00|0.060|АРОЛС
419145748|8.00|8.00|8.00|0.060|АРОЛС
419145749|9.00|9.00|9.00|0.100|АРОЛС
419145985|8.00|8.00|8.00|0.060|АРОЛС
419145986|9.00|9.00|9.00|0.100|АРОЛС
419146579|9.00|9.00|9.00|0.100|АРОЛС
448248943|16.00|12.00|5.00|0.160|АРОЛС
448254852|16.00|12.00|5.00|0.160|АРОЛС
550445272|7.00|7.00|7.00||AROLS
550445274|7.00|7.00|7.00||AROLS
550445275|7.00|7.00|7.00||AROLS
550445277|7.00|7.00|7.00||AROLS
550445279|7.00|7.00|7.00||AROLS
550445280|7.00|7.00|7.00||AROLS
550445281|7.00|7.00|7.00||AROLS
550445283|7.00|7.00|7.00||AROLS
550539998|19.00|10.00|5.00|0.240|АРОЛС
550539999|17.00|10.00|5.00||АРОЛС
550540000|20.00|8.00|4.00||АРОЛС
820643010|30.00|11.00|6.00|0.365|АРОЛС
