Бандажи косметические|бандаж для лица|43190|3
Бандажи косметические|бандаж|31450|2
Бандажи косметические|подтяжка лица|10575|3
Бандажи косметические|бандаж для лица и подбородка|7955|3
Бандажи косметические|пластырь для подтяжки лица прозрачный|5050|1
Бандажи косметические|для подбородка подтяжка|4775|3
Бандажи косметические|маска для подбородка|4664|3
Бандажи косметические|убрать второй подбородок|4180|3
Бандажи косметические|силиконовая маска корсет для лица|3903|1
Бандажи косметические|маска от второго подбородка|3850|3
Бандажи косметические|маска бандаж для лица|3724|3
Бандажи косметические|бандаж для подбородка|3546|3
Бандажи косметические|от второго подбородка бандаж|2910|3
Бандажи косметические|для подбородка|2796|3
Бандажи косметические|силиконовая маска для лица многоразовая косметическая|2762|1
Бандажи косметические|тренажер для лица|2620|3
Бандажи косметические|бандаж для овала лица|2610|3
Бандажи косметические|силиконовая маска для лица доктор хос|2470|1
Бандажи косметические|повязка на лицо|2305|2
Бандажи косметические|лифтинг для лица|2200|1
Бандажи косметические|повязка на шею|2055|1
Бандажи косметические|повязка для подбородка|2017|2
Бандажи косметические|тренажер для челюсти|2007|1
Бандажи косметические|подтяжка для подбородка и шеи|1910|3
Бандажи косметические|подбородок убрать|1410|3
Бандажи косметические|бандаж для лица и подбородка многоразовый|1385|3
Бандажи косметические|лифтинг эффект для лица|1249|1
Бандажи косметические|маска бандаж|1205|3
Бандажи косметические|маска для шеи и декольте от морщин|1140|2
Бандажи косметические|для подтяжки подбородка|1060|1
Бандажи косметические|второй подбородок|1046|3
Игрушки для животных|мячик для собак|25185|3
Игрушки для животных|игрушки для собак крупных пород|21173|3
Игрушки для животных|игрушки для собак средних пород|10210|4
Игрушки для животных|ошейник для собак товары для животных|6258|1
Игрушки для животных|канат для собак|5331|2
Игрушки для животных|для крупных пород|4675|2
Игрушки для животных|резиновые игрушки для собак|4127|1
Игрушки для животных|игрушки для собак крупных пород прочные|3620|5
Игрушки для животных|мячик для собак мелких пород|3285|4
Игрушки для животных|прочная игрушка для собак|2343|4
Игрушки для животных|игрушки для собак мячик|2142|4
Игрушки для животных|мяч для собак прочный|2118|4
Игрушки для животных|для мелких и средних пород|2005|1
Игрушки для животных|мячик для собак крупных пород|1985|4
Игрушки для животных|мячики для животных|1883|4
Игрушки для животных|игрушки для собак средних пород прочные|1670|4
Игрушки для животных|игрушка для зубов собаке|1608|1
Игрушки для животных|неуловимое яйцо для собак|1575|3
Игрушки для животных|мяч для собак суперпрочный|1505|4
Игрушки для животных|резиновый мячик для собак|1505|3
Игрушки для животных|жевательная игрушка для собак|1353|3
Игрушки для животных|антивандальная игрушка для собак|1330|4
Игрушки для животных|игрушка для собак веревка|1327|4
Игрушки для животных|мяч на веревке для собак|1150|4
Игрушки для животных|канат для собак крупных пород|1105|2
Игрушки для животных|игрушки для больших собак прочные|1077|1
Игрушки для животных|для собак грызть|1022|2
Игрушки для животных|игрушка для собак крупных пород крепкие|970|4
Игрушки для животных|мячик для собак крупных пород прочный|855|3
Игрушки для животных|канат для крупных собак|740|2
Игрушки для животных|товары для собак крупных пород|698|1
Консервные ножи|открывашка|26224|1
Консервные ножи|консервный нож|11250|1
Консервные ножи|открывашка для консервов и банок|6930|1
Консервные ножи|открывашка для консервных банок|3380|1
Консервные ножи|консервный нож открывашка|2345|1
Консервные ножи|открывашка для консервов и банок универсальная|1315|1
Консервные ножи|открывашка для консервов универсальная|1230|1
Консервные ножи|консервный нож для банок и консервов|1140|1
Консервные ножи|открывашка для банок консервных|1065|1
Консервные ножи|нож для консервных банок|725|1
Массажеры механические|массажер для шеи|177872|3
Массажеры механические|массажер для тела|158637|1
Массажеры механические|мячик массажный|59435|4
Массажеры механические|массаж|28782|5
Массажеры механические|мяч для пилатеса|22715|2
Массажеры механические|массажер для рук|15237|6
Массажеры механические|тренажер для спины|15233|3
Массажеры механические|массажер для тела ручной|12995|3
Массажеры механические|мяч массажный с шипами|12718|6
Массажеры механические|шарик для массажа|11810|5
Массажеры механические|тренажер для шеи|11069|4
Массажеры механические|мфр мяч|11026|7
Массажеры механические|су джок|11025|4
Массажеры механические|массажер для спины и шеи|9863|1
Массажеры механические|массажер для стоп|8732|4
Массажеры механические|роликовый массажер для тела|8480|3
Массажеры механические|суджок-шарик|8302|4
Массажеры механические|от отеков тела|7653|1
Массажеры механические|мячи для йоги|7573|6
Массажеры механические|массажер для шеи ручной|7479|3
Массажеры механические|мяч для мфр|7121|5
Массажеры механические|пилатес|6590|4
Массажеры механические|массажер от целлюлита ручной|6530|1
Массажеры механические|теннисный мяч для массажа|6460|4
Массажеры механические|для фитнеса инвентарь|6260|1
Массажеры механические|мфр|6161|1
Массажеры механические|мячик массажный для стоп|5148|6
Массажеры механические|мяч массажный для детей|4984|6
Массажеры механические|массажный ролик для тела|4962|1
Массажеры механические|массажер роликовый|4957|3
Массажеры механические|тактильные мячики|4867|4
Массажеры механические|мячик для стоп|4676|5
Массажеры механические|массажер для спины ручной|4525|4
Массажеры механические|мяч мфр массажный|4118|5
Массажеры механические|тренажер для ног и рук|4008|2
Массажеры механические|шар для фитнеса|3699|2
Массажеры механические|массажер для пальцев рук|3684|3
Массажеры механические|тренажер для стоп|3579|2
Массажеры механические|массажер для рук и пальцев|3285|1
Массажеры механические|ролик для массажа тела|2978|1
Массажеры механические|для массажа тела|2935|1
Массажеры механические|массажный аппарат|2793|3
Массажеры механические|для пилатеса|2700|6
Массажеры механические|массажер для пальцев|2581|4
Массажеры механические|тренажер для кисти|2423|3
Массажеры механические|массажер от отеков|2345|2
Массажеры механические|массажер для тела антицеллюлитный ручной|2188|2
Массажеры механические|ежики для массажа|2103|5
Массажеры механические|тренажер для пальцев|2076|2
Массажеры механические|мини массажер|1955|1
Массажеры механические|мячик массажер|1954|7
Массажеры механические|массажер для тела ручной роликовый|1909|3
Массажеры механические|массажные шарики для рук|1870|5
Массажеры механические|массажер для ступней|1790|3
Массажеры механические|мфр шар|1749|5
Массажеры механические|антицеллюлитный массажер роликовый|1711|2
Массажеры механические|массажер для спины роликовый|1705|3
Массажеры механические|мфр мяч для стоп|1658|9
Массажеры механические|мячик с шипами|1635|8
Массажеры механические|массажный шарик су-джок|1550|4
Массажеры механические|массажер для коленей|1535|1
Массажеры механические|массажер для шеи ручной роликовый|1510|3
Массажеры механические|суджок-шарик для массажа рук|1435|4
Массажеры механические|су джок массажер|1410|5
Массажеры механические|шарик массажный с шипами|1400|12
Массажеры механические|су джок мячик|1363|15
Массажеры механические|шарик для ног массажный|1343|7
Массажеры механические|колючий мячик|1338|14
Массажеры механические|тренажер для рук кистевой|1315|2
Массажеры механические|массажер для ног игольчатый|1300|5
Массажеры механические|массажер для ног антицеллюлитный|1271|1
Массажеры механические|мячик массажный жесткий|1240|8
Массажеры механические|массажер для стоп с шипами|1220|5
Массажеры механические|от плоскостопия массажер|1215|4
Массажеры механические|массажер ручной роликовый|1205|4
Массажеры механические|мяч массажный для спины|1192|6
Массажеры механические|суджок-шарик для детей|1180|6
Массажеры механические|миофасциальный мяч|1157|5
Массажеры механические|массажер для тела ручной с шипами|1130|8
Массажеры механические|лимфодренажный ролик|1110|1
Массажеры механические|механический массажер|1108|7
Массажеры механические|мяч ежик массажный|1097|6
Массажеры механические|массажер шеи|1080|1
Массажеры механические|мяч мфр мягкий|1064|6
Массажеры механические|мячик массажный с шипами для стоп|1055|7
Массажеры механические|набор массажных мячей|1038|2
Массажеры механические|массажер для рук шары|1031|6
Массажеры механические|антицеллюлитный роликовый массажер для тела|950|3
Массажеры механические|массажер роликовый для шеи|895|3
Массажеры механические|массажер для шеи и плеч ручной|892|2
Массажеры механические|лимфодренажный тренажер|845|3
Мешки для стирки|мешок для стирки|39267|9
Мешки для стирки|для стирки|31911|6
Мешки для стирки|стирка|14340|6
Мешки для стирки|мешок для стирки бюстгальтера|11298|8
Мешки для стирки|мешок для стирки белья|7230|8
Мешки для стирки|сетка для стирки белья в машинке|4050|7
Мешки для стирки|для стирки бюстгальтера|3252|4
Мешки для стирки|мешки сетка|2925|5
Мешки для стирки|набор для стирки|2870|6
Мешки для стирки|мешки для стирки белья в стиральной машине|2680|6
Мешки для стирки|мешок для белья|2406|5
Мешки для стирки|мешок для стирки нижнего белья|2394|4
Мешки для стирки|сетка для стирки|2220|9
Мешки для стирки|чехол для стирки бюстгальтера|2080|4
Мешки для стирки|мешок для стирки одежды|2055|10
Мешки для стирки|мешок для стирки большой|1720|6
Мешки для стирки|чехол для стирки нижнего белья|1428|4
Мешки для стирки|мешок для стирки бюстгальтера в стиральной машине|1260|2
Мешки для стирки|мешок для стирки носков|1172|2
Мешки для стирки|мешочки для стирки в машинке|1135|6
Мешки для стирки|для стирки носков|993|2
Мешки для стирки|мешочек для стирки вещей|936|8
Мешки для стирки|чехол для стирки|905|9
Мешки для стирки|пакет для стирки|815|3
Мешки для стирки|контейнер для стирки|785|3
Ножи для пиццы|нож для пиццы|27065|2
Ножи для пиццы|нож для теста|13701|1
Ножи для пиццы|нож для пиццы и теста|4074|2
Ножи для пиццы|тесторезка|3758|1
Ножи для пиццы|нож для теста пластиковый|3712|2
Ножи для пиццы|для пиццы|3658|1
Ножи для пиццы|нож для торта|3437|1
Ножи для пиццы|кондитерский нож|2406|1
Ножи для пиццы|нож для резки теста|2333|1
Ножи для пиццы|нож для теста пластиковый для резки|2128|2
Ножи для пиццы|резак для теста|1911|2
Ножи для пиццы|нож для торта кондитерский|1650|1
Ножи для пиццы|нож для пиццы xiaomi|1380|2
Ножи для пиццы|пиццерезка|1275|1
Ножи для пиццы|тесторезка для теста|1085|1
Пробки для бутылок|пробка для бутылки|14788|2
Пробки для бутылок|пробка|11989|1
Пробки для бутылок|пробка для вина|11850|2
Пробки для бутылок|насадки для бутылки со вкусами|7310|1
Пробки для бутылок|пробка для шампанского|7305|2
Пробки для бутылок|вакуумная пробка для вина|3535|1
Пробки для бутылок|пробка для бутылки силиконовая|2115|2
Пробки для бутылок|пробка для бутылки вина|1815|2
Пробки для бутылок|пробка для бутылки масла|1815|2
Пробки для бутылок|для бутылок|1780|1
Пробки для бутылок|насадки для бутылки со вкусами набор|1765|2
Пробки для бутылок|пробка для вина многоразовая|1645|2
Пробки для бутылок|для домашнего вина|1375|1
Пробки для бутылок|пробка для шампанского многоразовая|1360|2
Пробки для бутылок|пробки для бутылок новогодние|1275|2
Пробки для бутылок|пробка резиновая для колбы|1043|2
Пробки для бутылок|пробки на бутыли|1015|1
Пробки для бутылок|насадка на бутылку для масла|980|1
Пробки для бутылок|крышка для бутылки вина|928|2
Скакалки|скакалка|98963|3
Скакалки|скакалка спортивная взрослая|10370|2
Скакалки|скакалка гимнастическая|10132|2
Скакалки|спортивный инвентарь для детей|3633|1
Скакалки|прыгалка детская|3411|1
Скакалки|скакалка скоростная|3369|3
Скакалки|спорт инвентарь для женщин|3170|1
Скакалки|кардиотренажер|2935|2
Скакалки|для спорта мужчинам инвентарь|2775|1
Скакалки|прыгалка для спорта|2645|1
Скакалки|скакалка спортивная детская|2540|1
Скакалки|скакалка без шнура|2445|1
Скакалки|скакалка с утяжелителем|1790|3
Скакалки|спорт инвентарь для спорта мужской|1775|1
Скакалки|кардиотренажер для рук и ног|1607|3
Скакалки|скакалки для фитнеса|1583|2
Скакалки|скакалка спортивная взрослая женская|1385|3
Скакалки|прыгалка скакалка|1367|2
Скакалки|скакалка для дома|940|3
Скакалки|прыгалки взрослые|901|1
Скакалки|скакалка взрослая|899|1
Таблетницы|таблетница|209657|5
Таблетницы|таблетница на неделю|86685|5
Таблетницы|таблетница на день|36441|4
Таблетницы|органайзер для таблеток|14497|4
Таблетницы|контейнер для лекарств|12997|3
Таблетницы|контейнер для таблеток|12978|4
Таблетницы|таблетница на неделю 2 приема|11555|9
Таблетницы|таблетница маленькая|11185|3
Таблетницы|таблетница утро вечер|4758|7
Таблетницы|таблетница большая|3783|2
Таблетницы|для таблеток|3410|4
Таблетницы|коробка для таблеток|3338|1
Таблетницы|пилюля|3249|2
Таблетницы|контейнер для хранения лекарств|3185|1
Таблетницы|коробка для лекарств|2804|2
Таблетницы|мини таблетница|2486|3
Таблетницы|таблетница для таблеток|2448|2
Таблетницы|органайзер для таблеток на неделю|2365|5
Таблетницы|таблетница на неделю утро и вечер|2330|6
Таблетницы|таблетница на неделю 1 прием|2195|5
Таблетницы|контейнер для капсул|2140|1
Таблетницы|таблетница на неделю 4 приема|1970|2
Таблетницы|таблетница на 7 дней|1960|6
Таблетницы|бокс для таблеток|1880|4
Таблетницы|для лекарств|1827|2
Таблетницы|контейнер для таблеток на день|1690|4
Таблетницы|таблетница в сумку|1515|5
Таблетницы|таблетница на день маленькая|1490|5
Таблетницы|хранение лекарств|1395|1
Таблетницы|таблетница маленькая с собой|1365|5
Таблетницы|таблетница утро день вечер|1360|5
Таблетницы|таблетница на 7 дней утро день вечер|1354|7
Таблетницы|таблетница маленькая в сумку|1280|3
Таблетницы|для витаминов органайзер|1275|3
Таблетницы|таблетницы для женщин|1235|6
Таблетницы|кейс для таблеток|1222|5
Таблетницы|ящик для лекарств|1135|2
Таблетницы|органайзер для таблеток большой|1120|2
Таблетницы|футляр для таблеток|1105|2
Таблетницы|контейнер для витаминов|1095|3
Таблетницы|контейнер под таблетки|1035|4
Таблетницы|таблетница на день 4 секции|1000|2
Таблетницы|таблетница на неделю органайзер|953|2
Таблетницы|контейнер под лекарства|910|1
Таблетницы|компактная таблетница|865|1
Таблетницы|таблетница на день большая|855|1
Таблетницы|таблетница на неделю большая|840|1
Таблетницы|таблетница мужская|808|2
Таблетницы|таблетница круглая|805|5
Шпатели кондитерские|шпатель кондитерский|29285|1
Шпатели кондитерские|кондитерский набор|24228|1
Шпатели кондитерские|для кондитера|14998|1
Шпатели кондитерские|для теста|4767|1
Шпатели кондитерские|нож для теста пластиковый|3712|1
Шпатели кондитерские|лопатка кондитерская|3411|1
Шпатели кондитерские|шпатель для теста|3296|1
Шпатели кондитерские|шпатель кондитерский металлический|3291|1
Шпатели кондитерские|выпечка инструменты|2712|1
Шпатели кондитерские|шпатель кухонный|1730|1
Шпатели кондитерские|скребок для теста|1584|1
Шпатели кондитерские|набор шпателей кондитерских|1388|1
Шпатели кондитерские|шпатель кондитерский пластиковый|1015|1
Шпатели кондитерские|нож для теста скребок|992|1
Шпатели кондитерские|нож для теста шпатель|930|1
Эспандеры|спорт товары|6220|1
Эспандеры|спортивный инвентарь для тренировок дома|1705|1
Эспандеры|фитнес резинки 30 кг|1162|1
Эспандеры|спорт товары для фитнеса|1148|2
Эспандеры|резинка для спорта для ягодиц|984|2
Эспандеры|набор для тренировок|927|1
Эспандеры|пилатес лента|900|1
Эспандеры|фитнес кольцо|880|3
Эспандеры|резинка для йоги|840|2
Эспандеры|резинка для спорта тканевая|797|1
Эспандеры|резинки для фитнеса комплект|790|2
Эспандеры|набор резинок для спорта|695|3
Эспандеры|тканевые фитнес ленты|663|2
